qid,question,choices,reason,predict,label
val_0011,"Đoạn thông tin:
[1] Tiêu đề: Cuba
Nội dung: II. Chính trị
2. Liên đoàn thương mại

Có các liên đoàn kinh tế tại Cuba, với số thành viên lên tới 98% nhân lực hòn đảo này. Các liên đoàn không đăng ký với bất kỳ một cơ quan nhà nước nào, và tự lấy kinh phí hoạt động từ nguồn đóng góp thành viên hàng tháng. Những người ủng hộ họ cho rằng các viên chức liên đoàn được bầu lên trên cơ sở tự do, và có nhiều quan điểm chính trị bên trong mỗi liên đoàn. Tuy nhiên, tất cả các liên đoàn đều là một phần của một tổ chức được gọi là Confederación de Trabajadores Cubanos (Hiệp hội Công nhân Cuba, CTC), hội này thực sự có những mối quan hệ mật thiết với nhà nước và Đảng Cộng sản. Những người ủng hộ cho rằng CTC cho phép công nhân chuyển ý kiến lên chính phủ; những người đối lập lại cho rằng chính phủ sử dụng nó để kiểm soát các công đoàn thương mại và chỉ định các thành viên lãnh đạo công đoàn. Quyền tự do bày tỏ ý kiến của công nhân cũng là một vấn đề được tranh luận. Những người ủng hộ hệ thống cho rằng những ý kiến của công nhân trên thực tế đã hình thành nên chính sách của chính phủ trong nhiều hoàn cảnh, như đề xuất cải cách thuế năm 1993, trong khi phe đối lập, đưa ra những nghiên cứu của các tổ chức lao động quốc tế cho thấy công nhân bị buộc phải thề nguyền trung thành với các lý tưởng của Đảng Cộng sản, và cho rằng chính phủ chi phối một cách có hệ thống và cản trở các nhà hoạt động công đoàn, trong khi vẫn ngăn cấm việc thành lập các liên đoàn thương mại độc lập (không thuộc CTC), rằng các lãnh đạo các liên đoàn độc lập đã bị bỏ tù, và rằng quyền đình công của công nhân không được ghi nhận trong luật.

3. Quan hệ đối ngoại

3.1. Việt Nam

Quan hệ ngoại giao giữa hai nước vô cùng đặc biệt. Ngày 12 tháng 9 năm 1973, Fidel Castro là vị nguyên thủ nước ngoài đầu tiên và duy nhất thăm vùng giải phóng miền Nam khi chiến tranh chưa kết thúc. Cũng trong chuyến thăm lần đầu tiên này, Cuba đã tặng Việt Nam 5 công trình kinh tế - xã hội với tổng trị giá khoảng 80 triệu USD bao gồm: khách sạn Thắng Lợi (Hồ Tây, Hà Nội), Bệnh viện Việt Nam - Cuba (Đồng Hới, Quảng Bình), đường Xuân Mai, trại bò giống Ba Vì, Xí nghiệp gà Lương Mỹ; tặng bò giống, gà giống và chi hơn 6 triệu USD để mua thiết bị hiện đại, đồng thời cử chuyên gia về cầu đường sang Việt Nam tham gia cùng bộ đội Trường Sơn mở rộng Đường Trường Sơn, và giúp đào tạo trên 1.000 sinh viên Việt Nam ở trình độ đại học và cao học...Cuba là nước Mỹ Latinh đầu tiên và cũng là một trong những nước sớm nhất trên thế giới công nhận chính thức Mặt trận Dân tộc Giải phóng miền Nam Việt Nam. Cơ quan đại diện thường trú của Mặt trận Dân tộc Giải phóng miền Nam Việt Nam tại La Habana (Ban đầu tòa đại sứ này đặt tạm tại một biệt thự ở khu phố lao động Kohly, nhưng sau được Chính phủ Cuba cấp thêm một biệt thự sân vườn rất lớn tại Quinta Avenida, đại lộ số 5 dài nhất và đẹp nhất thủ đô La Habana) được hưởng đầy đủ quy chế ngoại giao. Sau khi Chính phủ Cách mạng lâm thời Cộng hòa Miền Nam Việt Nam thành lập, cơ quan này nhanh chóng được chuyển thành đại sứ quán miền Nam Việt Nam. Thời chiến khốc liệt, thông cảm hoàn cảnh khó khăn của nước bạn, Thủ tướng Fidel Castro bao cấp toàn phần. Tất cả từ nhà cửa, xe cộ, trang thiết bị làm việc, ăn ở, chi phí ngoại giao, kể cả lương bổng, phụ cấp của cán bộ, nhân viên sứ quán đều được Cuba bảo đảm chu đáo.Sau Sự kiện 30 tháng 4 năm 1975, hầu hết các nước đều dừng viện trợ không hoàn lại cho Việt Nam, riêng Cuba là một trong số ít các nước tiếp tục viện trợ cho Việt Nam 10 năm tiếp theo từ 1975-1985.

3.2. Mỹ

Ngày 17 tháng 12 năm 2014, qua vai trò trung gian của Tòa Thánh Vatican, Chủ tịch Cuba Raul Castro và Tổng thống Hoa Kỳ Barack Obama tuyên bố đã đạt được một thỏa thuận về việc bình thường hóa quan hệ ngoại giao giữa hai nước sau hơn 50 năm gián đoạn. Tuy nhiên, việc bình thường hóa quan hệ còn phải trải qua một giai đoạn dài phía trước vì nó phải nhận được sự phê chuẩn từ lưỡng viện Quốc hội Hoa Kỳ. Tuy nhiên, tổng thống kế nhiệm ông Obama là Donald Trump vào năm 2016 đã hủy bỏ chính sách thân thiện của người tiền nhiệm, và tiếp tục duy trì cấm vận đối với Cuba.

III. Phân chia hành chính

Cuba có ba cấp hành chính là trung ương, tỉnh (provincias) và hạt (municipios). Cấp tỉnh có 14 đơn vị, cấp hạt có 169 đơn vị. Có một hạt đặc biệt, được xếp ngang với cấp tỉnh, đó là Isla de la Juventud. Trước kia Cuba chỉ có sáu tỉnh: Pinar del Río, Habana, Matanzas, Las Villas, Camagüey và Oriente. Cách phân chia hành chính hiện nay rất giống với kiểu tỉnh quân sự Tây Ban Nha trong những cuộc chiến tranh giành độc lập của Cuba, khi hầu hết những vùng có nhiều rắc rối đều được chia nhỏ.

IV. Địa lý

Cuba là một quần đảo nằm tại Biển Caribbean, với tọa độ địa lý 21°3N, 80°00W. Cuba là hòn đảo chính, được bao quanh bởi bốn nhóm đảo lớn. Chúng gồm Colorados, Camagüey, Jardines de la Reina và Canarreos. Hòn đảo chính Cuba chiếm hầu hết diện tích đất nước (105.006 km² hay 40.543 dặm vuông) và là hòn đảo lớn thứ 17 trên thế giới theo diện tích. Hòn đảo lớn thứ hai tại Cuba là Đảo Thanh niên (Isla de la Juventud), tên cũ là Đảo Thông (Isla de la Pinos) ở phía đông nam, với diện tích 3056 km² (1180 dặm vuông). Cuba có tổng diện tích đất liền 110.860 km².
Hòn đảo chính gồm chủ yếu các đồng bằng phẳng tới hơi dốc. Ở cực phía đông nam Sierra Maestra, một rặng núi dốc đứng với điểm cao nhất là Pico Real del Turquino 2.005 mét (6.578 ft). Khí hậu địa phương là nhiệt đới, dù được điều tiết ôn hòa bởi gió mậu dịch. Nói chúng (với biến thiên theo địa phương), có một mùa khô từ tháng 11 tới tháng 4, và một mùa mưa từ tháng 5 tới tháng 10. Nhiệt độ trung bình 21 °C vào tháng 1 và 27 °C vào tháng 7. Cuba nằm trên đường đi của các cơn bão và chúng thường xảy ra nhất trong khoảng từ tháng 9 tới tháng 10. La Habana là thành phố lớn nhất và thủ đô Cuba; các thành phố lớn khác gồm Santiago de Cuba và Camagüey. Những thị trấn khác gồm Baracoa từng là khu định cư đầu tiên của người Tây Ban Nha tại Cuba, Trinidad, và một di sản thế giới của UNESCO, and Bayamo.

V. Xã hội
1. Giáo dục

Về lịch sử, Cuba luôn có tỷ lệ giáo dục và biết chữ cao nhất Mỹ Latinh, cả trước và sau thời kỳ cách mạng. Giáo dục là miễn phí đối với mọi công dân Cuba gồm cả giáo dục đại học. Các định chế giáo dục tư nhân không được phép hoạt động. Phổ cập giáo dục áp dụng với mọi đứa trẻ từ sáu tuổi tới hết mức giáo dục cấp hai căn bản (thường là 15 tuổi) và tất cả học sinh, không cần biết giới tính và sắc tộc, đều mặc đồng phục của trường với màu sắc thể hiện cấp học. Trong suốt quá trình học, học sinh không phải trả một khoản phí nào, từ tiền may đồng phục, tiền mua sắm sách vở, giấy bút và còn được nuôi ăn một bữa hoặc cả ngày (tùy theo từng trường). Do vậy, gần như không có một trẻ em Cuba nào bị thất học, dù đó là ở nơi nông thôn xa xôi.
Giáo dục tiểu học kéo dài sáu năm, giáo dục trung học cơ sở được chia thành mức căn bản và tiền đại học. Giáo dục cao học được tiến hành tại các trường đại học, các viện, các viện sư phạm và các viện bách khoa. Đại học La Habana được thành lập năm 1728 và có một số trường cao đẳng cũng như đại học khác. Bộ Giáo dục Cao học Cuba cũng điều hành chương trình Giáo dục Từ xa mở các lớp buổi chiều và buổi tối tại các vùng nông thôn cho các lao động nông nghiệp. Giáo dục được đề cao cả về mặt chính trị và ý thức hệ, và sinh viên bậc cao học được chờ đợi sẽ là người thực hiện các mục tiêu do chính phủ Cuba đề ra.
Câu hỏi: Theo ngữ cảnh, nhận định nào sau đây chính xác về vai trò của Confederación de Trabajadores Cubanos (CTC) trong chính trị Cuba?","A. CTC là công cụ để chính phủ kiểm soát công đoàn và chỉ định lãnh đạo.
B. CTC cho phép công nhân bày tỏ ý kiến lên chính phủ thông qua các đại diện được bầu.
C. CTC là tổ chức độc lập không có mối quan hệ chính trị với Đảng Cộng sản Cuba.
D. CTC cho phép thành lập các liên đoàn thương mại độc lập ngoài hệ thống của mình.","Theo ngữ cảnh, Confederación de Trabajadores Cubanos (CTC) là một tổ chức có mối quan hệ mật thiết với nhà nước và Đảng Cộng sản Cuba. Điều này cho thấy CTC không phải là một tổ chức độc lập mà có sự gắn kết chặt chẽ với chính quyền. Ngoài ra, thông tin cũng đề cập đến việc chính phủ sử dụng CTC để kiểm soát các công đoàn thương mại và chỉ định các thành viên lãnh đạo công đoàn. Do đó, nhận định A là chính xác.",A,B
val_0024,Xét hàm số $ h(x) = x^4 - 4x^3 + 6x^2 - 4x + 1 $. Giả sử $ k(x) $ là đạo hàm bậc hai của $ h(x) $. Hàm số $ h(x) $ có bao nhiêu điểm uốn?,"A. 0
B. 1
C. 2
D. 3
E. 4
F. 5
G. 6
H. 7
I. 8
J. 9","Để tìm số điểm uốn của hàm số $h(x)$, ta cần tìm đạo hàm bậc hai $k(x)$ và xác định số nghiệm của phương trình $k(x) = 0$.

Ta có: $h(x) = x^4 - 4x^3 + 6x^2 - 4x + 1$

Đạo hàm bậc nhất của $h(x)$ là: $h'(x) = 4x^3 - 12x^2 + 12x - 4$

Đạo hàm bậc hai của $h(x)$ là: $k(x) = h''(x) = 12x^2 - 24x + 12$

Để tìm số điểm uốn, ta cần giải phương trình $k(x) = 0$: $12x^2 - 24x + 12 = 0$

Chia cả hai vế cho 12, ta được: $x^2 - 2x + 1 = 0$

Phương trình này có thể được viết lại như sau: $(x - 1)^2 = 0$

Vậy, phương trình $k(x) = 0$ chỉ có một nghiệm kép tại $x = 1$.

Do đó, hàm số $h(x)$ chỉ có một điểm uốn tại $x = 1$.",B,A
val_0025,Công thức hoá học của oxit có thành phần phần trăm của S là 40%:,"A. SO2.
B. SO3.
C. SO.
D. S2O4.","Để tìm công thức hóa học của oxit có thành phần phần trăm của S là 40%, ta cần tính toán tỷ lệ mol của S và O trong hợp chất. Giả sử công thức hóa học của oxit là SnOm, với n và m là số nguyên dương. Theo dữ liệu, %S = 40%, do đó %O = 60%. Khối lượng mol của S là 32 g/mol và khối lượng mol của O là 16 g/mol. Từ đó, ta có thể thiết lập phương trình dựa trên tỷ lệ phần trăm khối lượng của S và O trong hợp chất. Sau khi giải phương trình, ta tìm được tỷ lệ mol của S và O, từ đó xác định được công thức hóa học của oxit.",A,B
val_0029,"Theo thông tin được cung cấp, tỉnh nào sau đây đã được sáp nhập vào tỉnh Gia Lai để hình thành tỉnh Gia Lai hiện tại?","A. Bình Định
B. Đắk Lắk
C. Quảng Ngãi
D. Phú Yên","Để trả lời câu hỏi này, chúng ta cần xem xét lịch sử hành chính của tỉnh Gia Lai. Tỉnh Gia Lai hiện tại được hình thành từ việc sáp nhập hai tỉnh cũ là Gia Lai và Kon Tum vào năm 1976. Tuy nhiên, trong số các lựa chọn được đưa ra, không có Kon Tum mà thay vào đó là các tỉnh khác như Bình Định, Đắk Lắk, Quảng Ngãi và Phú Yên. Vì vậy, chúng ta cần loại bỏ các lựa chọn không liên quan đến lịch sử hình thành tỉnh Gia Lai. Trong số các lựa chọn, chỉ có Đắk Lắk là tỉnh nằm gần khu vực Tây Nguyên, nơi có tỉnh Gia Lai và Kon Tum. Do đó, có thể suy đoán rằng Đắk Lắk là tỉnh đã được sáp nhập vào tỉnh Gia Lai để hình thành tỉnh Gia Lai hiện tại.",B,A
val_0030,"Trong phong trào chính trị quốc tế, đảng cánh Tả được coi là đảng có xu hướng","A. Bảo thủ, trì trệ, không cải cách, đại diện cho giai cấp, tầng lớp quý tộc, tư sản lớp trên
B. Tiến bộ, dân chủ, tự do, đại diện cho giai cấp nông dân, bình dân, vô sản lớp dưới","Để trả lời câu hỏi này, chúng ta cần hiểu rõ về định nghĩa và đặc điểm của các đảng cánh tả trong phong trào chính trị quốc tế. Đảng cánh tả thường được liên kết với các giá trị như tiến bộ, dân chủ, tự do và đại diện cho quyền lợi của giai cấp lao động, nông dân và các tầng lớp xã hội thấp hơn. Họ thường ủng hộ các chính sách xã hội, cải cách và phân phối lại tài nguyên để giảm bất bình đẳng xã hội. Ngược lại, đảng cánh hữu thường được liên kết với các giá trị bảo thủ, ủng hộ thị trường tự do và ít can thiệp vào hoạt động kinh tế. Vì vậy, dựa trên định nghĩa và đặc điểm của đảng cánh tả, chúng ta có thể kết luận rằng họ đại diện cho giai cấp nông dân, bình dân, vô sản lớp dưới và ủng hộ các giá trị tiến bộ, dân chủ, tự do.",B,A
val_0032,"Đoạn thông tin:
[1] Tiêu đề: địa điểm giao dịch và thời gian làm việc
Nội dung: Để tìm thông tin về địa chỉ và thời gian làm việc của Điểm giao dịch VNPT Vinaphone anh chị vui lòng truy cập vào đường link sau: https://vnpt.com.vn/ho-tro/diem-giao-dich
Hoặc có thể liên hệ số Hotline 18001091.

[2] Tiêu đề: trả trước trả sau
Nội dung: buổi trưa có làm việc không?;Điểm giao dịch quận thanh xuân;Cửa hàng Vinaphone;chủ nhật có làm việc không;Địa điểm VNPT;Mình có nghỉ trưa không bạn?;Em muốn qua vinacenter;báo sự cố ở TPHCM thì gọi số nào ạ;Thế bây giờ điểm giao dịch ở đâu vậy em;Cho mình xin địa chỉ gần nhất;Vnpt nào ở phạm văn đồng ạ;Cửa hàng;Cho mình hỏi địa chỉ cửa hàng dịch vụ vnpt Gần đường 30 tháng 4, Đà Nẵng là ở đâu vậy ạ;Đại lý ở Nguyễn Du làm việc tới mấy giờ;Lịch làm việc vinaphone bù nho;Cho e hỏi chi nhánh để e đóng tiền internet;Cửa hàng giao dịch ở trảng dài địa chỉ là bao nhiêu;chi nhanh vinaphone;Điểm bán sim data 4g;Điểm giao dịch khu vực quận 2 thành phố hồ chí minh;Địa điểm phòng giao dịch ở đâu ạ?;cho đia chi lien he de lam thu tuc thanh ly dien thoai co dinh o tphcm Q5;chi nhánh vinaphone;Tôi đang ở Hoàng Đạo Thuý cho t điểm vinaphone gần nhất;mình muốn tìm chi nhánh cửa hàng vnpt tại Quận 7 tp HCM;Cửa hangd giao dịch timecity ở đâu;Tiệm mở tới mấy h v ạ;Xin chào. Bạn có điểm bán hàng nào trong khu vực không? Bắc Mỹ An, Ngũ Hành Sơn, Đà Nẵng;Cửa hàng vinaphone gần Thường tín nhất là ở đây ạ;Địa chỉ để đăng ký internet;Cửa hàng giao dịch vũ thư thái bình làm việc đến mấy giờ;Tôi cần hỏi địa chỉ đại lý sim thẻ vinaphone tại hoàng mai;Cho mình hỏi của hàng vi na phon. Chủ nhật có làm việc k;Điểm giao dịch vina;Xin chào. Bạn có điểm bán hàng nào trong khu vực không? Bắc Mỹ An, Ngũ Hành Sơn, Đà Nẵng;Bên mình làm việc đến mấy giờ ạ;Mở cửa từ thứ mấy đến thứ mấy;Ở bát tràng huyện gia lâm có đại lý ko;trung tâm có làm ngoài giờ hành chính ko;Địa chỉ của hệ thống Vinaphone;Cho tôi số liên hệ vnpt đà nẵng;Mình đến tổng công ty vinaphone ở đường Xuân Tảo để làm thủ tục thay đổi thoing tin thuê bao được không?;Chi nhánh quận 2;Ad ơi cho em hỏi địa chỉ các điểm gd vinaphone có hỗ trợ đk esim ở q9 là gì v ạ;địa diem giao dich 9 của ban la gi;Tôi muốn biết lịch làm việc của vnpt;thời gian làm việc;Trung tâm Vinaphone nằm ở vị trí nào vậy?;Địa chỉ VNPT;vnpt có làm việc thứ 7 không;Cho m hỏi địa điểm của vinaphone gần;Và vina hải phòng thì ở chỗ nào;Mình muốn làm lại số điện thoại của mình nhưng mình không biết địa điểm nào gần đây;phòng giao dịch có làm việc thứ 7 không;có quầy giao dịch nào gần đây không bạn;địa chỉ các điểm giao dịch quận 11;Cho hỏi số điện thoại bán hàng của vnpt Hà nội;Đại lý ở bình tân;có cửa hàng nào gần đây không nhỉ;Tôi muốn tìm cơ sở Vinaphone tại quảng xương Thanh Hóa;Vinaphone quạn 8;Cho mình xin địa chỉ đại lý vinaphone tại quận Bắc Từ Liêm, thành phố Hà Nội;Vinaphone mở cửa lúc mấy giờ?;Cửa hàng gần Tân Sơn nhì Tân phú;Tôi ở p12 quận Tân bình , anh,chi cho xin 1 địa chỉ chăm sóc khách hàng gần p12 quận tân bình được không;H e muốn ra cửa hàng gần nhất thì còn làm không ạ;17h cửa hàng vnpt còn mở cửa không?;Tôi muốn cắt Sdt bàn và Internet thì tôi ra địa chỉ nào tại tphcm;Vinaphone gần nhất;Có những điểm giao dịch nào ở tân hội Đức Trọng Lâm Đồng không?;chi nhánh;những điểm giao dịch nào làm vào thứ 7;Điểm giao dịch gần nhất;điểm giao dịch vnpt đóng cửa lúc mấy giờ?;Trung tâm dịch vụ ở khu Cầu Giấy;VNPT Bắc NINH có bao nhiêu điểm giao dịch và trạm BTS;Thong tin diem giao dich q10;Tôi đang sử dụng đt bàn và Internet, hiện nay tôi muốn đóng dịch vụ thì ra địa chỉ nào tại tphcm;cho mình hỏi cửa hàng vinaphone làm việc từ mấy h đến mấy h;điểm giao dịch quảng bình;Giờ làm việc của vnpt;quầy giờ giấc mở cửa ntn nhỉ;xin cho biết địa điêm đăng ký thông tin thuê bao gần 16 Phan Chu trinh Hà Nội;Của hàng mấy h đóng cửa v ạ;Số điện thoại phòng giao dich 80 nguyễn du;cho mình hỏi vnpt thị trấn lang chánh ở số nhà mấy vậy ạ;Thời gian làm việc của Vinaphone;thông tin liên hệ khu vực thường xuân tinht thanh hóa;tôi muốn tìm cửa hàng vnpt;thời gian làm việc cửa hàng gd số 1 nguyễn trãi buổi chiều tới mấy giờ;Ccho hii dia chi giao dich vinaphone vung tau phuong 10 ạ;Mình ở huyện Krông nô tỉnh đắk nông thì đến đâu đăng ký ạ;điểm giao dịch VNPT tại Đông Anh - Hà Nội;địa chỉ điểm giao dịch tây mỗ;cửa hàng mình còn mở dưới ko ạ;Điểm giao dịch là các cửa hàng vianaphon hay phải ra vinaphone của huyện vậy;vnpt đà nẵng, nguyễn du số đt;Xin hỏi đại lý vnpt tại quận Tân Phú;cho tôi danh sách điểm giao dịch;Điểm giao dịch VinaPhone tại Hà Nội;cho xin địa chỉ vnpt ở tân trụ .long an;Địa chỉ điểm giao dịch;điểm giao dịch ở đà lạt

[3] Tiêu đề: mua sim
Nội dung: Để mua sim của Vinaphone, anh/chị vui lòng truy cập link https://digishop.vnpt.vn/sim-so?tab=c320&aff=DIGI000001 hoặc ra các Điểm giao dịch của Vinaphone để có thể chọn số, xem giá sim và thời hạn cam kết (nếu có), chọn và đăng ký gói cước phù hợp cho thuê bao.
Với sim Ezcom, anh/chị đến các Điểm giao dịch để được hỗ trợ mua sim.
Địa chỉ điểm giao dịch: https://vnpt.com.vn/ho-tro/diem-giao-dich
Nếu anh/chị có thắc mắc gì khác, em xin sẵn sàng hỗ trợ ạ.
Câu hỏi: Theo nội dung được cung cấp, phương thức nào sau đây KHÔNG được hỗ trợ để mua sim Ezcom của Vinaphone?","A. Truy cập website https://digishop.vnpt.vn/sim-so để chọn số và gói cước
B. Đến trực tiếp các Điểm giao dịch Vinaphone
C. Gọi tổng đài 18001091 để yêu cầu gửi sim qua bưu điện
D. Sử dụng dịch vụ trực tuyến qua ứng dụng di động","Theo nội dung được cung cấp, để mua sim Ezcom của Vinaphone, khách hàng cần đến các Điểm giao dịch của Vinaphone để được hỗ trợ mua sim. Không có thông tin nào về việc mua sim Ezcom qua website, tổng đài, hoặc ứng dụng di động.",C,A
val_0033,"Một khối lượng $ m $ được gắn vào một lò xo có hằng số đàn hồi $ k $ và dao động theo phương ngang trên một mặt phẳng không ma sát. Khối lượng ban đầu được kéo lệch một khoảng $ A $ so với vị trí cân bằng và sau đó được thả ra từ trạng thái nghỉ. Đồng thời, một khối lượng giống hệt $ m $ được gắn vào một lò xo thứ hai có cùng hằng số đàn hồi $ k $ và được kéo lệch một khoảng $ A $ nhưng được cung cấp vận tốc ban đầu $ v_0 $ theo hướng dao động. Tỉ số giữa động năng cực đại của khối lượng thứ hai và động năng cực đại của khối lượng thứ nhất là bao nhiêu?","A. 1
B. 2
C. $ 1 + \left(\frac{v_0}{\omega A}\right)^2 $
D. $ \left(\frac{v_0}{\omega A}\right)^2 $
E. $ \left(1 + \left(\frac{v_0}{\omega A}\right)^2\right)^{1/2} $
F. $ 1 + \left(\frac{v_0}{A}\right)^2 $
G. $ \left(\frac{v_0}{A}\right)^2 $
H. $ 1 + \left(\frac{v_0^2}{2kA^2}\right) $
I. $ 1 + \left(\frac{v_0^2}{kA^2}\right) $
J. $ 1 + \left(\frac{v_0}{\omega A}\right) $","Để tìm tỉ số giữa động năng cực đại của khối lượng thứ hai và động năng cực đại của khối lượng thứ nhất, ta cần tính động năng cực đại cho mỗi trường hợp.

Trường hợp 1: Khối lượng ban đầu được kéo lệch một khoảng $A$ so với vị trí cân bằng và sau đó được thả ra từ trạng thái nghỉ.
- Động năng cực đại xảy ra khi khối lượng đi qua vị trí cân bằng, tại đó thế năng đàn hồi chuyển hoàn toàn thành động năng.
- Thế năng đàn hồi ban đầu là $U = rac{1}{2}kA^2$.
- Do không có ma sát, nên động năng cực đại $K_{max1}$ bằng với thế năng đàn hồi ban đầu: $K_{max1} = U = rac{1}{2}kA^2$.

Trường hợp 2: Khối lượng được kéo lệch một khoảng $A$ và được cung cấp vận tốc ban đầu $v_0$ theo hướng dao động.
- Động năng ban đầu do vận tốc $v_0$ là $K_0 = rac{1}{2}mv_0^2$.
- Thế năng đàn hồi ban đầu vẫn là $U = rac{1}{2}kA^2$.
- Tổng năng lượng ban đầu là $E = K_0 + U = rac{1}{2}mv_0^2 + rac{1}{2}kA^2$.
- Động năng cực đại $K_{max2}$ xảy ra khi khối lượng đi qua vị trí cân bằng, tại đó thế năng đàn hồi chuyển hoàn toàn thành động năng.
- Do không có ma sát, nên động năng cực đại $K_{max2}$ bằng với tổng năng lượng ban đầu: $K_{max2} = E = rac{1}{2}mv_0^2 + rac{1}{2}kA^2$.

Tỉ số giữa động năng cực đại của khối lượng thứ hai và động năng cực đại của khối lượng thứ nhất là:
$rac{K_{max2}}{K_{max1}} = rac{rac{1}{2}mv_0^2 + rac{1}{2}kA^2}{rac{1}{2}kA^2} = 1 + rac{mv_0^2}{kA^2}$.

Biết rằng tần số góc $
u = rac{k}{m}$, nên $rac{mv_0^2}{kA^2} = rac{v_0^2}{
u A^2}$.

Vậy, tỉ số giữa động năng cực đại của khối lượng thứ hai và động năng cực đại của khối lượng thứ nhất là $1 + rac{v_0^2}{
u A^2}$, tương ứng với đáp án H.",H,C
val_0035,"Theo quy trình cấp Chứng nhận trường mầm non đạt kiểm định chất lượng giáo dục, thành phần hồ sơ bắt buộc gồm những tài liệu nào?","A. 01 bản chính báo cáo tự đánh giá và 02 bản chính công văn đăng ký
B. 02 bản chính báo cáo tự đánh giá và 01 bản chính công văn đăng ký
C. 01 bản chính báo cáo tự đánh giá và 01 bản chính công văn đăng ký
D. 02 bản chính báo cáo tự đánh giá và 02 bản chính công văn đăng ký","Theo quy trình cấp Chứng nhận trường mầm non đạt kiểm định chất lượng giáo dục, thành phần hồ sơ bắt buộc gồm 01 bản chính báo cáo tự đánh giá và 01 bản chính công văn đăng ký.",C,B
val_0039,Nguyễn Ái Quốc đã mở nhiều lớp huấn luyện đào tạo cán bộ cho cách mạng Việt Nam ở đâu,"A. Việt bắc (Việt Nam)
B. Quảng Châu (Trung Quốc)
C. Hồng kông (Trung Quốc)","Nguyễn Ái Quốc đã mở nhiều lớp huấn luyện đào tạo cán bộ cho cách mạng Việt Nam tại Quảng Châu (Trung Quốc). Đây là nơi ông đã hoạt động và giảng dạy trong thời gian dài, nhằm mục đích đào tạo và huấn luyện các cán bộ cách mạng cho phong trào đấu tranh giành độc lập của Việt Nam.",B,A
val_0041,"Theo quan điểm của Chủ Tịch Hồ Chí Minh, con đường giải phóng nhân loại hướng tới mục tiêu nào?","A. Một nền cộng hoà thế giới chân chính, xoá bỏ sự phân biệt giàu nghèo và biên giới quốc gia
B. Sự tự do, bình đẳng, bác ái, đoàn kết trên toàn cầu
C. Một xã hội bình đẳng, công bằng, không có áp bức bóc lột
D. Chỉ có chủ nghĩa xã hội mới cứu được nhân loại","Theo quan điểm của Chủ tịch Hồ Chí Minh, con đường giải phóng nhân loại hướng tới mục tiêu xây dựng một xã hội bình đẳng, công bằng, không có áp bức bóc lột. Điều này thể hiện qua các tác phẩm và bài viết của Người, trong đó nhấn mạnh tầm quan trọng của việc xóa bỏ chế độ áp bức, bóc lột và xây dựng một xã hội mới dựa trên nguyên tắc công bằng và bình đẳng.",C,A
val_0047,Một trường từ đều $ B $ hướng dọc theo trục z. Một khung dây hình chữ nhật có chiều rộng $ w $ và chiều cao $ h $ nằm trong mặt phẳng xy và mang dòng điện $ I $. Khung dây ban đầu đứng yên và có thể quay quanh trục y. Độ lớn mô men xoắn tác dụng lên khung do trường từ là bao nhiêu khi mặt phẳng khung tạo một góc $ \theta $ với trục x?,"A. $ B I w h \sin(\theta) $
B. $ B I w h \cos(\theta) $
C. $ B I w h \tan(\theta) $
D. $ B I w h $
E. $ B I w h \sin(2\theta) $
F. $ B I w h \cos(2\theta) $
G. $ B I w h \sin(\theta/2) $
H. $ B I w h \cos(\theta/2) $
I. $ B I w h \tan(2\theta) $
J. $ B I w h \sin(\theta) \cos(\theta) $","Để tính độ lớn mô men xoắn tác dụng lên khung dây do trường từ, ta cần sử dụng công thức: M = B * I * A * sin(α), trong đó M là mô men xoắn, B là cường độ từ trường, I là cường độ dòng điện, A là diện tích khung dây, α là góc giữa vectơ từ trường và vectơ pháp tuyến của khung dây.

Trong trường hợp này, trường từ đều B hướng dọc theo trục z, và khung dây nằm trong mặt phẳng xy. Khi mặt phẳng khung tạo một góc θ với trục x, vectơ pháp tuyến của khung dây sẽ tạo một góc π/2 - θ với trục z (vì vectơ pháp tuyến vuông góc với mặt phẳng khung).

Do đó, góc α giữa vectơ từ trường và vectơ pháp tuyến của khung dây là π/2 - θ. Thay vào công thức trên, ta có:

M = B * I * A * sin(π/2 - θ)

Vì sin(π/2 - θ) = cos(θ), nên:

M = B * I * A * cos(θ)

Diện tích khung dây A = w * h, nên:

M = B * I * w * h * cos(θ)

Vậy độ lớn mô men xoắn tác dụng lên khung dây do trường từ là B * I * w * h * cos(θ).",B,A
val_0050,Chủ Tịch Hồ Chí Minh đã tiếp thu những giá trị tích cực nào từ Nho giáo để phục vụ cách mạng?,"A. Câu trả lời nằm ngoài phạm vi trả lời
B. Lý tưởng xã hội bình trị và đại đồng
C. Triết lý tu thân dưỡng tính
D. Đề cao văn hóa, lễ giáo và truyền thống hiếu học","Chủ tịch Hồ Chí Minh đã tiếp thu những giá trị tích cực từ Nho giáo để phục vụ cách mạng, bao gồm lý tưởng xã hội bình trị và đại đồng. Ông đã vận dụng những tư tưởng này vào việc xây dựng một xã hội công bằng, dân chủ và văn minh. Những giá trị này đã giúp ông định hướng cho cuộc đấu tranh giành độc lập và tự do cho dân tộc Việt Nam.",B,D
val_0059,"Một tụ điện có điện dung 100 μF được nạp đến điện áp 120V. Sau đó, nó được xả qua một điện trở 500 ohm. Thời gian cần thiết để điện áp trên tụ giảm xuống còn 37% giá trị ban đầu là bao lâu?","A. 0.05 giây
B. 0.1 giây
C. 0.2 giây
D. 0.5 giây
E. 1 giây
F. 2 giây
G. 5 giây
H. 10 giây
I. 20 giây
J. 50 giây","Để tìm thời gian cần thiết để điện áp trên tụ giảm xuống còn 37% giá trị ban đầu, ta sử dụng công thức thời gian xả của tụ điện qua điện trở: t = RC * ln(V0/V), trong đó R là điện trở, C là điện dung, V0 là điện áp ban đầu, V là điện áp cuối cùng. Thay số vào công thức, ta có: t = 500 * 100 * 10^(-6) * ln(120/44.4) ≈ 0.1 giây.",B,A
val_0061,Giáo dục đóng vai trò:,"A. Phát triển nhân cách
B. Tái tạo sức lao động
C. Thúc đẩy tiến bộ xã hội
D. Tất cả các ý trên","Giáo dục đóng vai trò quan trọng trong việc phát triển nhân cách của con người, giúp họ trở thành những cá nhân có đạo đức, có trách nhiệm và có khả năng tự lập. Ngoài ra, giáo dục cũng giúp tái tạo sức lao động bằng cách cung cấp cho người lao động những kỹ năng và kiến thức cần thiết để thực hiện công việc của mình. Cuối cùng, giáo dục cũng thúc đẩy tiến bộ xã hội bằng cách giúp con người hiểu biết hơn về thế giới xung quanh và có khả năng tham gia vào các hoạt động xã hội một cách tích cực. Vì vậy, tất cả các ý trên đều đúng.",D,d
val_0063,"Đoạn thông tin:
Malaysia
Hiến pháp Malaysia đảm bảo quyền tự do tôn giáo trong khi xác định Hồi giáo là quốc giáo. Theo số liệu từ Điều tra dân số và nhà ở năm 2010, có sự tương liên cao giữa dân tộc và tôn giáo. Xấp xỉ 61,3% dân số thực hành Hồi giáo, 19,8% thực hành Phật giáo, 9,2% thực hành Ki-tô giáo, 6,3% thực hành Ấn Độ giáo và 1,3% thực hành Nho giáo, Đạo giáo và các tôn giáo truyền thống Trung Hoa. 0,7% tuyên bố là người không tôn giáo và 1,4% còn lại thực hành các tôn giáo khác hoặc không cung cấp thông tin nào. Trong số tín đồ Hồi giáo, tín đồ phái Sunni chiếm đa số trong khi tín đồ Hồi giáo phi giáo phái là nhóm đông thứ hai với 18%.

Malaysia - Nhân khẩu. Tôn giáo.
Theo Hiến pháp, toàn bộ người Mã Lai được xem là người Hồi giáo. Số liệu từ cuộc điều tra dân số năm 2010 cho thấy rằng 83,6% người Trung Quốc xác định bản thân là Phật tử, và một lượng lớn các tín đồ theo Đạo giáo (3,4%) và Ki-tô giáo (11,1%), cùng với một nhóm nhỏ người Hồi sinh sống tại các khu vực như Penang. Phần lớn người Ấn Độ theo Ấn Độ giáo (86,2%), với một thiểu số quan trọng xác định bản thân là tín đồ Ki-tô giáo (6,0%) hay Hồi giáo (4,1%). Ki-tô giáo là tôn giáo chiếm ưu thế trong cộng đồng ""bumiputera"" phi Mã Lai (46,5%), và thêm 40,4% xác định bản thân là người Hồi giáo.

Chủ nghĩa vô thần - Nhân khẩu học.
Một lá thư in trong tạp chí ""Nature"" năm 1998 viết về một cuộc thăm dò cho kết quả là: trong các thành viên Viện khoa học quốc gia Hoa Kỳ (""National Academy of Science""), tỷ lệ người có đức tin vào một vị thượng đế cá thể hoặc lai thế (sự sống sau cái chết) chỉ là 7,0% - mức thấp nhất trong lịch sử, trong khi tỷ lệ này ở dân Mỹ là 85%. Cũng năm đó Frank Sulloway ở Viện Công nghệ Massachusetts và Michael Shermer ở Đại học Tiểu bang California (""California State University"") thực hiện một nghiên cứu mà kết quả thăm dò người Mỹ trưởng thành ""có bằng cấp"" (12% có bằng tiến sĩ, 62% tốt nghiệp đại học) cho thấy 64% tin vào Chúa Trời, và có sự tương quan cho thấy đức tin mạnh mẽ vào tôn giáo giảm dần khi học càng cao. Mối tương quan nghịch giữa tôn giáo và trí tuệ đã được thấy ở 39 nghiên cứu khác trong thời gian từ 1927 đến 2002, theo một bài viết tại tạp chí ""Mensa"". Các phát kiến này cũng thuận với siêu - phân tích thống kê năm 1958 của Giáo sư Michael Argyle ở Đại học Oxford. Ông phân tích 7 công trình nghiên cứu đã điều tra mối tương quan giữa thái độ đối với tôn giáo và chỉ số thông minh của các học sinh và sinh viên Mỹ. Tuy tìm thấy một mối tương quan nghịch rõ ràng, phân tích đã không chỉ ra mối quan hệ nhân quả mà ghi nhận rằng các nhân tố như nền tảng gia đình nghiêm khắc và tầng lớp xã hội có thể đã có ảnh hưởng. Trong Điều tra Dân số và Cư trú năm 2006 của Úc, tại câu hỏi về tôn giáo, 18,7% dân số đánh dấu ô ""không có tôn giáo"" hoặc viết một câu trả lời mà sau đó được xếp vào diện không có tôn giáo. Câu hỏi này không bắt buộc, và có 11,2% dân số không trả lời.

Nam Tư - Nam Tư thứ hai. Nhân khẩu.
Nam Tư luôn có sự đa dạng về dân cư, không chỉ trên mặt sắc tộc, mà còn ở khía cạnh tôn giáo. Hồi giáo, Công giáo La Mã, Do Thái giáo và Tin Lãnh cùng nhiều đức tin Kitô giáo Đông phương hiện diện tại Nam Tư, tổn cộng có 40 tôn giáo. Nhân khẩu các tôn giáo tại Nam Tư đã thay đổi nhiều kể từ Chiến tranh thế giới thứ hai. Các cuộc điều tra dân số được thực hiện vào năm 1921 và năm 1948 cho thấy rằng 99% dân cư tham gia sâu vào việc hành đạo. Cùng với các chương trình hiện đại hóa và đô thị hóa của chính phủ sau chiến tranh, tỉ lệ tín hữu các tôn giáo đã sụt giảm đáng kể. Kết nối giữa niềm tin tôn giáo và sắc tộc đã đặt ra một mối đe dọa nghiêm trọng cho các chính sách hậu chiến của chính phủ cộng sản.

Tôn giáo tại Nga - Nhân khẩu.
Vào tháng 8 năm 2012, cuộc khảo sát quy mô lớn và lập bản đồ các tôn giáo đầu tiên ở Nga dựa trên sự tự nhận dạng đã được công bố trên Arena Atlat, một phần mở rộng của Tổng điều tra dân số năm 2010, với dữ liệu về bảy mươi chín trong số tám mươi ba trong số tám đối tượng của liên bang Nga. Trên tổng số dân được làm tròn là 142.800.000, cuộc khảo sát cho thấy 66.840.000 người, tương đương 47,1% tổng dân số, là Kitô hữu. Trong số đó, 58.800.000 hoặc 41% dân số là tín đồ trong Giáo hội Chính thống giáo Nga, 5.900.000 hoặc 4,1% là Kitô hữu mà không có giáo phái nào, 2.100.000 hoặc 1,5% là tín đồ Cơ đốc giáo chính thống không thuộc về bất kỳ nhà thờ nào (một nhóm thiểu số nhỏ hơn) thuộc các Giáo hội Chính thống không thuộc Nga (bao gồm Armenia và Gruzia), 400.000 hoặc 0,2% là tín đồ cũ của Chính thống giáo, 300.000 hoặc 0,2% là người Tin lành và 140.000 (dưới 0,1%) là người Công giáo. Trong số những người không theo đạo Cơ đốc, 9,400,000 hoặc 6,5% dân số là người Hồi giáo (bao gồm Hồi giáo Sunni, Hồi giáo Shia và phần lớn người Hồi giáo không liên lạc), 1.700.000 hoặc 1,2% là người Pagan giáo (bao gồm Rodnovery, Uatsdin, và các tôn giáo khác) hoặc Tengri giáo (Turco-Mongol Shaman tôn giáo và các tôn giáo mới), 700.000 tương đương 0,5% là [[Phật tử00 (chủ yếu là các trường [[Phật giáo Tây Tạng|Tây tạng]]), 140.000 tương đương 0,1% là người Hindu (bao gồm Krishnaites) và 140.000 là người [[Do Thái giáo]]. Trong số những người không theo tôn giáo, 36.000.000 người hoặc 25% tuyên bố ""tin vào Chúa (hoặc quyền lực cao hơn)"" nhưng ""không tuyên xưng bất kỳ tôn giáo cụ thể nào"", 18.600.000 hoặc 13% là người vô thần, và 7.900.000 hoặc 5,5% đã không nêu bất kỳ niềm tin tôn giáo, tâm linh hoặc [[Chủ nghĩa vô thần|vô thần.]]

Singapore - Nhân khẩu. Tôn giáo.
Phật giáo là tôn giáo được thực hành phổ biến nhất tại Singapore, với 33% số cư dân tuyên bố bản thân họ là tín đồ đạo Phật trong cuộc điều tra dân số gần đây nhất. Tôn giáo được thực hành phổ biến thứ nhì là Ki-tô giáo, sau đó là Hồi giáo, Đạo giáo, và Ấn Độ giáo. 17% dân số không gia nhập tôn giáo nào. Tỷ lệ tín đồ Ki-tô giáo, Đạo giáo, và người không tôn giáo tăng trong khoảng thời gian giữa năm 2000 và 2010, mỗi nhóm tăng 3%, trong khi tỷ lệ tín đồ Phật giáo thì giảm xuống. Các đức tin khác vẫn ổn định trên quy mô lớn về tỷ lệ dân số.
Câu hỏi: Theo dữ liệu được cung cấp, quốc gia nào có tỷ lệ người không theo tôn giáo (không tuyên xưng bất kỳ tôn giáo cụ thể nào) cao nhất?","A. Australia (18,7%)
B. Nga (25%)
C. Singapore (17%)
D. Malaysia (0,7%)","Để tìm quốc gia có tỷ lệ người không theo tôn giáo cao nhất, chúng ta cần so sánh tỷ lệ này giữa các quốc gia được đề cập trong dữ liệu. Dữ liệu cho thấy tỷ lệ người không theo tôn giáo tại Úc là 18,7%, tại Nga là 25%, tại Singapore là 17%, và tại Malaysia là 0,7%. Bằng cách so sánh các tỷ lệ này, chúng ta có thể xác định quốc gia có tỷ lệ người không theo tôn giáo cao nhất.",B,A
val_0077,Tại sao cần có cơ chế thu thập thông tin trong doanh nghiệp?,"A. A: Để theo dõi nhân viên mà không có mục đích cải thiện.
B. B: Để ghi nhận hiệu quả của cá nhân và bộ phận nhằm cải thiện hoạt động.
C. C: Để giảm số lượng nhân sự mà không cần đánh giá hiệu suất.
D. D: Không cần thu thập thông tin về hiệu suất làm việc.","Để trả lời câu hỏi này, chúng ta cần xem xét mục đích của việc thu thập thông tin trong doanh nghiệp. Việc thu thập thông tin giúp doanh nghiệp hiểu rõ hơn về hiệu suất làm việc của nhân viên và bộ phận, từ đó có thể đưa ra quyết định cải thiện hoạt động. Điều này phù hợp với lựa chọn B. Các lựa chọn khác không phù hợp vì chúng không phản ánh đúng mục đích của việc thu thập thông tin trong doanh nghiệp.",B,A
val_0082,"Trong một cuộc cạnh tranh Cournot với hai doanh nghiệp, mỗi doanh nghiệp có chi phí biên sản xuất không đổi là $ c $ và hàm cầu thị trường được cho bởi $ Q = a - P $, trong đó $ P $ là giá và $ a $ là một hằng số dương. Nếu cả hai doanh nghiệp chọn lượng sản phẩm của họ đồng thời và độc lập, thì phát biểu nào sau đây là đúng về lượng cân bằng Nash $ q^* $ cho mỗi doanh nghiệp?","A. $ q^* = \frac{a - c}{4} $
B. $ q^* = \frac{a - c}{3} $
C. $ q^* = \frac{a - c}{2} $
D. $ q^* = \frac{a + c}{4} $
E. $ q^* = \frac{a + c}{3} $
F. $ q^* = \frac{a}{2} $
G. $ q^* = \frac{a}{3} $
H. $ q^* = \frac{a}{4} $
I. $ q^* = \frac{2a - c}{3} $
J. $ q^* = \frac{a - 2c}{3} $","Để tìm lượng cân bằng Nash $ q^* $ cho mỗi doanh nghiệp trong cuộc cạnh tranh Cournot, ta cần sử dụng hàm lợi nhuận của mỗi doanh nghiệp và điều kiện tối ưu hóa. Hàm lợi nhuận của mỗi doanh nghiệp được cho bởi $ 	ext{Lợi nhuận} = 	ext{Doanh thu} - 	ext{Chi phí} $. Doanh thu của mỗi doanh nghiệp là $ R_i = P 	imes q_i $, trong đó $ P $ là giá thị trường và $ q_i $ là lượng sản phẩm của doanh nghiệp $ i $. Chi phí của mỗi doanh nghiệp là $ C_i = c 	imes q_i $, trong đó $ c $ là chi phí biên sản xuất không đổi. Giá thị trường $ P $ được xác định bởi hàm cầu thị trường $ Q = a - P $, trong đó $ Q $ là tổng lượng sản phẩm trên thị trường và $ a $ là một hằng số dương. Tổng lượng sản phẩm trên thị trường là $ Q = q_1 + q_2 $, trong đó $ q_1 $ và $ q_2 $ là lượng sản phẩm của hai doanh nghiệp. Thay thế $ Q $ vào hàm cầu thị trường, ta có $ q_1 + q_2 = a - P $. Giải cho $ P $, ta có $ P = a - q_1 - q_2 $. Thay thế $ P $ vào hàm doanh thu của mỗi doanh nghiệp, ta có $ R_i = (a - q_1 - q_2) 	imes q_i $. Hàm lợi nhuận của mỗi doanh nghiệp là $ 	ext{Lợi nhuận}_i = R_i - C_i = (a - q_1 - q_2) 	imes q_i - c 	imes q_i $. Để tìm lượng cân bằng Nash $ q^* $, ta cần tối ưu hóa hàm lợi nhuận của mỗi doanh nghiệp đối với lượng sản phẩm của mình. Điều này có thể được thực hiện bằng cách lấy đạo hàm của hàm lợi nhuận đối với $ q_i $ và đặt nó bằng 0. Sau khi thực hiện các bước tính toán, ta sẽ tìm được lượng cân bằng Nash $ q^* $ cho mỗi doanh nghiệp.",A,B
val_0089,"Sự phát triển nhảy vọt về nhận thức, tư tưởng của Chủ Tịch Hồ Chí Minh từ một thanh niên yêu nước chân chính sang một chiến sĩ cộng sản sau khi Người đọc được văn kiện nào sau đây?","A.  Tuyên ngôn của Đảng Cộng sản do Mác soạn thảo (1848)
B.  Bản Sơ thảo lần thứ nhất những luận cương về vấn đề dân tộc và vấn đề thuộc địa của Lênin (1920)
C.  Tuyên bố của Quốc tế Cộng sản (Quốc tế 3)
D.  Tuyên bố của Quốc tế Cộng sản (Quốc tế 3) về vấn đề dân tộc và thuộc địa","Sự phát triển nhảy vọt về nhận thức, tư tưởng của Chủ tịch Hồ Chí Minh từ một thanh niên yêu nước chân chính sang một chiến sĩ cộng sản sau khi Người đọc được văn kiện 'Bản Sơ thảo lần thứ nhất những luận cương về vấn đề dân tộc và vấn đề thuộc địa' của Lênin vào năm 1920. Văn kiện này đã giúp Chủ tịch Hồ Chí Minh nhận thức rõ hơn về vấn đề dân tộc và thuộc địa, từ đó Người chuyển hướng sang con đường cách mạng xã hội chủ nghĩa và trở thành một chiến sĩ cộng sản.",B,b
val_0090,"Giả sử $ T: \mathbb{R}^3 \to \mathbb{R}^3 $ là một toán tử tuyến tính được biểu diễn bởi ma trận
$$","A. = \begin{pmatrix}
B. & 1 & 0 \\
C. & 2 & 1 \\
D. & 0 & 2
E. 
F. 
G. nào sau đây là đúng về các giá trị riêng của $ T $?
H. Các giá trị riêng là 1, 2 và 3.
I. Các giá trị riêng là 2, 2 và 2.
J. Các giá trị riêng là 0, 1 và 2.
K. Các giá trị riêng là 1, 2 và 4.
L. Các giá trị riêng là 1, 0 và 2.
M. Các giá trị riêng là 2, 2 và 4.
N. Các giá trị riêng là 2, 2 và 0.
O. Các giá trị riêng là 1, 2 và 3.
P. Các giá trị riêng là 2, 3 và 4.
Q. Các giá trị riêng là 2, 2 và 5.",,A,B
